INSERT INTO inventories (id) VALUES
    ('D0001'),
    ('D0002'),
    ('S0001'),
    ('S0002');

INSERT INTO distributors (id, name) VALUES
    ('D0001', 'D1'),
    ('D0002', 'D2');

INSERT INTO service_centers (id, name, address, telephone_number) VALUES
    ('S0001', 'Downtown Auto Care', '437 Fayetteville St., Raleigh, NC 27601', '1.800.899.9999'),
    ('S0002', 'Express Auto Shop', '201 N Tryon St, Charlotte, NC 28202', '1.704.333.1555');

INSERT INTO roles (type) VALUES
    ('Manager'),
    ('Receptionist'),
    ('Mechanics');

INSERT INTO payroll_frequencies (type) VALUES
    ('monthly'),
    ('hourly');

INSERT INTO employees (
                id,
                name,
                address,
                email_address,
                phone_number,
                service_center_id,
                role,
                starting_date,
                compensation,
                payroll_frequency
            ) VALUES
    ('950932130', 'Larry Cohen', '1979 Henry Street, Raleigh, NC 27606',
     'lacohen@acme.com', '316-978-5494', 'S0001', 'Manager', 'August 15, 2016', 11000, 'monthly'),
    ('634622236', 'Willis Martin', '465 Aviation Way, Raleigh, NC 27601',
     'wimartin@acme.com', '213-988-2011', 'S0001', 'Receptionist', 'December 4, 2017', 8000, 'monthly'),
    ('557279280', 'Jacob Gloss', '2014 Leverton Cove Road, Raleigh, NC 27560',
     'jagloss@acme.com', '413-335-9523', 'S0001', 'Mechanics', 'July 29, 2018', 30, 'hourly'),
    ('183683346', 'Anthony Freeman', '1188 Summit Street, Raleigh, NC 27627',
     'anfreeman@acme.com', '563-496-7912', 'S0001', 'Mechanics', 'February 9, 2015', 40, 'hourly'),
    ('557279281', 'Eric Fowler', '1114 Fincham Road, Raleigh, NC 27545',
     'erfowler@acme.com', '760-457-9846', 'S0001', 'Mechanics', 'May 1, 2016', 35, 'hourly'),
    ('557279282', 'Roland Richmond', '1951 Little Acres Lane, Raleigh, NC 27513',
     'rorichmond@acme.com', '8298433739', 'S0001', 'Mechanics', 'December 28, 2017', 30, 'hourly'),
    ('557279283', 'Peter Fitzpatrick', '4738 Buckhannan Avenue, Raleigh, NC 27625',
     'pefitzpatrick@acme.com', '315-485-1152', 'S0001', 'Mechanics', 'April 12, 2017', 34, 'hourly'),
    ('291056276', 'Roderick Phillips', '1133 Burton Avenue, Charlotte, NC 28201',
     'rophillips@acme.com', '901-777-0492', 'S0002', 'Manager', 'April 15, 2017', 12000, 'monthly'),
    ('911639633', 'Dena Holmes', '1382 Whispering Pines Circle, Charlotte, NC 28205',
     'deholmes@acme.com', '972-353-3691', 'S0002', 'Receptionist', 'January 4, 2010', 9000, 'monthly'),
    ('590424694', 'Dustin Esparza', '3510 Hemlock Lane, Charlotte, NC 28202',
     'duesparza@acme.com', '956-444-0948', 'S0002', 'Mechanics', 'January 26, 2017', 35, 'hourly'),
    ('401671897', 'Charles Pudilo', '196 Park Boulevard, Charlotte, NC 28222',
     'chpudilo@acme.com', '641-752-9403', 'S0002', 'Mechanics', 'July 6, 2016', 40, 'hourly'),
    ('310773348', 'James Rivera', '908 Alpha Avenue, Charlotte, NC 28130',
     'jarivera@acme.com', '903-967-1809', 'S0002', 'Mechanics', 'October 29, 2013', 40, 'hourly'),
    ('983204784', 'Willis Morton', '404 Tenmile, Charlotte, NC 28134',
     'wimorton@acme.com', '757-886-6330', 'S0002', 'Mechanics', 'October 13, 2018', 30, 'hourly'),
    ('187658163', 'Rickie Henderson', '1963 Chenoweth Drive, Charlotte, NC 28228',
     'rihenderson@acme.com', '931-539-1294', 'S0002', 'Mechanics', 'March 29, 2017', 30, 'hourly');

INSERT INTO employee_passwords (employee_id, password) VALUES
    ('950932130', 'WL16595Ajunrpq0868QnwahBcannc'),
    ('634622236', 'ET38712Ircvzxy576RmzrkzfeNrp'),
    ('557279280', 'VK05348Zitmqop0892TmdmzbwvKwdmZwil'),
    ('183683346', 'FU49849Jsdwayz3300KmeealKljwwl'),
    ('557279281', 'TI83101Xgrkomn7770LotingsXugj'),
    ('557279282', 'HW61957Lufycab5395FcnnfyUwlymFuhy'),
    ('557279283', 'SH72170Wfqjnlm9283GzhpmfssfsFajszj'),
    ('291056276', 'IX73756Xcvmgjooz6688WpmojiVqzipz'),
    ('911639633', 'UJ95972Johysvaal8059DopzwlypunWpulzJpyjsl'),
    ('590424694', 'GV51535Vatkehmmx6843AxfehvdEtgx'),
    ('401671897', 'XM06000Mrkbvyddo974ZkbuLyevofkbn'),
    ('310773348', 'DS40352Sxqhbejju120QbfxqQludku'),
    ('983204784', 'YN95801Nslcwzeep171Epyxtwp'),
    ('187658163', 'CR51551Rwpgadiit4296RwtcdltiwSgxkt');

INSERT INTO customers (id, name, address, email_address, phone_number, service_center_id) VALUES
    ('1001', 'Tom Cruise', '203, Park St, Raleigh, NC - 27603', 'ethanhunt@gmail.com', '1234567890', 'S0001'),
    ('1002', 'Robert Downey Jr.', '12-A, High St, Raleigh, NC - 27605', 'jarvis@gmail.com', '9989877791', 'S0001'),
    ('1003', 'Taylor Swift', '2A, 3rd Ave, Charlotte, NC - 28134', 'lovestory@gmail.com', '8179827199', 'S0002'),
    ('1004', 'Serena Williams', '90, Gorman St, Charlotte, NC - 28201', 'venus@gmail.com', '8714791879', 'S0002');

INSERT INTO customer_passwords (customer_id, password) VALUES
    ('1001', 'ZO83269Dmxqust869BmdwEf'),
    ('1002', 'BQ61049Fozswuv56OVwuvGh'),
    ('1003', 'AP73689Puneybggr7N8eqNir'),
    ('1004', 'BQ17190Qvofzchhs89UcfaobGh');

INSERT INTO makers (name) VALUES
    ('Toyota'),
    ('Honda'),
    ('Nissan');

INSERT INTO models (name, maker) VALUES
    ('Corolla', 'Toyota'),
    ('Prius', 'Toyota'),
    ('Civic', 'Honda'),
    ('Accord', 'Honda'),
    ('Altima', 'Nissan'),
    ('Rogue', 'Nissan');

INSERT INTO service_types (derived_type, base_type) VALUES
    ('A', 'Maintenance'),
    ('B', 'Maintenance'),
    ('C', 'Maintenance'),
    ('Timing issue', 'Repair'),
    ('Wheel alignment issue', 'Repair'),
    ('Battery needs replacement', 'Repair'),
    ('Bad catalytic convertor and filters', 'Repair'),
    ('Drive belt damaged, coolant not enough, weak battery', 'Repair'),
    ('Light assembly damaged', 'Repair'),
    ('Gearbox and Torque convertor issue', 'Repair'),
    ('', '');

INSERT INTO cars (
                license_plate_number,
                maker,
                model,
                manufacture_year,
                customer_id,
                purchase_date,
                last_recorded_mileage,
                latest_service_type,
                latest_service_date
            ) VALUES
    ('XYZ-5643', 'Honda', 'Civic', 2009, '1001', '24-Dec-2009', 90452, 'C', '10-Sep-2018'),
    ('AHS-3132', 'Toyota', 'Prius', 2007, '1001', '2-Jan-2011', 65452, 'Battery needs replacement', '6-Aug-2018'),
    ('IRM-1212', 'Nissan', 'Altima', 2001, '1002', '7-Sept-2002', 210452, 'A', '11-Feb-2018'),
    ('TSW-3462', 'Honda', 'Accord', 2015, '1003', '9-Dec-2015', NULL, '', NULL),
    ('DEL-8888', 'Nissan', 'Rogue', 2014, '1003', '11-May-2016', 31209, 'A', '11-Feb-2018'),
    ('P11-212A', 'Honda', 'Accord', 2009, '1004', '14-Apr-2010', 60452, 'B', '1-Sep-2017'),
    ('WIM-BLE5', 'Toyota', 'Prius', 2013, '1004', '1-Mar-2014', 19876, 'A', '11-Nov-2016');

INSERT INTO parts (id, name, maker, price, warranty) VALUES
    ('P1001', 'Air Filter', 'Toyota', 11, NULL),
    ('P1002', 'Axel Rod', 'Toyota', 123, 2),
    ('P1003', 'Battery', 'Toyota', 63, 6),
    ('P1004', 'Brake Fluid', 'Toyota', 24, NULL),
    ('P1005', 'Brake Shoes', 'Toyota', 62, 2),
    ('P1006', 'Camshaft', 'Toyota', 1428, 3),
    ('P1007', 'Catalytic converter', 'Toyota', 801, 1),
    ('P1008', 'Coolant', 'Toyota', 63, NULL),
    ('P1009', 'Drive belt', 'Toyota', 528, 1),
    ('P1010', 'Engine oil', 'Toyota', 63, NULL),
    ('P1011', 'Gears', 'Toyota', 523, 1),
    ('P1012', 'Light assembly', 'Toyota', 617, 2),
    ('P1013', 'Oil Filter', 'Toyota', 36, NULL),
    ('P1014', 'Piston', 'Toyota', 1256, 1),
    ('P1015', 'Power Steering Fluid', 'Toyota', 17, NULL),
    ('P1016', 'Spark plug', 'Toyota', 64, 2),
    ('P1017', 'Suspension fluid', 'Toyota', 70, NULL),
    ('P1018', 'Valve', 'Toyota', 1338, 1),
    ('P1019', 'Wiper Fluid', 'Toyota', 28, NULL),
    ('P1020', 'Air Filter', 'Honda', 59, NULL),
    ('P1021', 'Axel Rod', 'Honda', 141, 2),
    ('P1022', 'Battery', 'Honda', 79, 3),
    ('P1023', 'Brake Fluid', 'Honda', 75, NULL),
    ('P1024', 'Brake Shoes', 'Honda', 41, 3),
    ('P1025', 'Camshaft', 'Honda', 511, 2),
    ('P1026', 'Catalytic converter', 'Honda', 716, 2),
    ('P1027', 'Coolant', 'Honda', 10, NULL),
    ('P1028', 'Drive belt', 'Honda', 1443, 1),
    ('P1029', 'Engine oil', 'Honda', 27, NULL),
    ('P1030', 'Gears', 'Honda', 1344, 3),
    ('P1031', 'Light assembly', 'Honda', 1342, 2),
    ('P1032', 'Oil Filter', 'Honda', 42, NULL),
    ('P1033', 'Piston', 'Honda', 1145, 1),
    ('P1034', 'Power Steering Fluid', 'Honda', 24, NULL),
    ('P1035', 'Spark plug', 'Honda', 50, 2),
    ('P1036', 'Suspension fluid', 'Honda', 77, NULL),
    ('P1037', 'Valve', 'Honda', 1261, 2),
    ('P1038', 'Wiper Fluid', 'Honda', 56, NULL),
    ('P1039', 'Air Filter', 'Nissan', 61, NULL),
    ('P1040', 'Axel Rod', 'Nissan', 241, 3),
    ('P1041', 'Battery', 'Nissan', 14, 3),
    ('P1042', 'Brake Fluid', 'Nissan', 16, NULL),
    ('P1043', 'Brake Shoes', 'Nissan', 47, 1),
    ('P1044', 'Camshaft', 'Nissan', 1295, 2),
    ('P1045', 'Catalytic converter', 'Nissan', 589, 1),
    ('P1046', 'Coolant', 'Nissan', 39, NULL),
    ('P1047', 'Drive belt', 'Nissan', 1084, 3),
    ('P1048', 'Engine oil', 'Nissan', 14, NULL),
    ('P1049', 'Gears', 'Nissan', 1176, 3),
    ('P1050', 'Light assembly', 'Nissan', 1367, 2),
    ('P1051', 'Oil Filter', 'Nissan', 61, NULL),
    ('P1052', 'Piston', 'Nissan', 1341, 3),
    ('P1053', 'Power Steering Fluid', 'Nissan', 20, NULL),
    ('P1054', 'Spark plug', 'Nissan', 11, 1),
    ('P1055', 'Suspension fluid', 'Nissan', 32, NULL),
    ('P1056', 'Valve', 'Nissan', 1013, 1),
    ('P1057', 'Wiper Fluid', 'Nissan', 31, NULL);

INSERT INTO base_basic_services (name) VALUES
    ('Air filter change'),
    ('Battery replacement'),
    ('Brake check'),
    ('Brake repair'),
    ('Camshaft replacement'),
    ('Catalytic convertor replacement'),
    ('Coolant recycle'),
    ('Drive belt replacement'),
    ('Engine oil change'),
    ('Gearbox repair'),
    ('Headlights replacement'),
    ('Oil filter change'),
    ('Piston replacement'),
    ('Power steering check'),
    ('Spark plugs replacement'),
    ('Suspension check'),
    ('Tail lights replacement'),
    ('Turn lights replacement'),
    ('Valve replacement'),
    ('Wheel alignment'),
    ('Wiper check');

INSERT INTO labor_charges (type, rate) VALUES
    ('low', 50),
    ('high', 65);

INSERT INTO basic_services (
                name,
                maker,
                model,
                labor_charge_type,
                required_hours,
                part_id,
                quantity
            ) VALUES
    ('Air filter change', 'Toyota', 'Corolla', 'low', 0.25, 'P1001', 1),
    ('Battery replacement', 'Toyota', 'Corolla', 'low', 0.25, 'P1003', 1),
    ('Brake check', 'Toyota', 'Corolla', 'low', 0.25, 'P1004', 1),
    ('Brake repair', 'Toyota', 'Corolla', 'low', 0.5, 'P1005', 4),
    ('Camshaft replacement', 'Toyota', 'Corolla', 'high', 1.0, 'P1006', 1),
    ('Catalytic convertor replacement', 'Toyota', 'Corolla', 'high', 1.0, 'P1007', 1),
    ('Coolant recycle', 'Toyota', 'Corolla', 'low', 0.25, 'P1008', 1),
    ('Drive belt replacement', 'Toyota', 'Corolla', 'high', 1.0, 'P1009', 1),
    ('Engine oil change', 'Toyota', 'Corolla', 'low', 0.25, 'P1010', 1),
    ('Gearbox repair', 'Toyota', 'Corolla', 'high', 1.0, 'P1011', 6),
    ('Headlights replacement', 'Toyota', 'Corolla', 'low', 0.5, 'P1012', 2),
    ('Oil filter change', 'Toyota', 'Corolla', 'low', 0.25, 'P1013', 1),
    ('Piston replacement', 'Toyota', 'Corolla', 'high', 1.0, 'P1014', 4),
    ('Power steering check', 'Toyota', 'Corolla', 'low', 0.25, 'P1015', 1),
    ('Spark plugs replacement', 'Toyota', 'Corolla', 'low', 0.25, 'P1016', 4),
    ('Suspension check', 'Toyota', 'Corolla', 'low', 0.25, 'P1017', 1),
    ('Tail lights replacement', 'Toyota', 'Corolla', 'low', 0.5, 'P1012', 2),
    ('Turn lights replacement', 'Toyota', 'Corolla', 'low', 0.5, 'P1012', 4),
    ('Valve replacement', 'Toyota', 'Corolla', 'high', 1.0, 'P1018', 4),
    ('Wheel alignment', 'Toyota', 'Corolla', 'high', 1.0, 'P1002', 2),
    ('Wiper check', 'Toyota', 'Corolla', 'low', 0.25, 'P1019', 1),
    ('Air filter change', 'Toyota', 'Prius', 'low', 0.25, 'P1001', 1),
    ('Battery replacement', 'Toyota', 'Prius', 'low', 0.25, 'P1003', 1),
    ('Brake check', 'Toyota', 'Prius', 'low', 0.25, 'P1004', 1),
    ('Brake repair', 'Toyota', 'Prius', 'low', 0.5, 'P1005', 4),
    ('Camshaft replacement', 'Toyota', 'Prius', 'high', 1.0, 'P1006', 1),
    ('Catalytic convertor replacement', 'Toyota', 'Prius', 'high', 1.0, 'P1007', 1),
    ('Coolant recycle', 'Toyota', 'Prius', 'low', 0.25, 'P1008', 1),
    ('Drive belt replacement', 'Toyota', 'Prius', 'high', 1.0, 'P1009', 1),
    ('Engine oil change', 'Toyota', 'Prius', 'low', 0.25, 'P1010', 1),
    ('Gearbox repair', 'Toyota', 'Prius', 'high', 1.0, 'P1011', 6),
    ('Headlights replacement', 'Toyota', 'Prius', 'low', 0.5, 'P1012', 2),
    ('Oil filter change', 'Toyota', 'Prius', 'low', 0.25, 'P1013', 1),
    ('Piston replacement', 'Toyota', 'Prius', 'high', 1.0, 'P1014', 4),
    ('Power steering check', 'Toyota', 'Prius', 'low', 0.25, 'P1015', 1),
    ('Spark plugs replacement', 'Toyota', 'Prius', 'low', 0.25, 'P1016', 4),
    ('Suspension check', 'Toyota', 'Prius', 'low', 0.25, 'P1017', 1),
    ('Tail lights replacement', 'Toyota', 'Prius', 'low', 0.5, 'P1012', 2),
    ('Turn lights replacement', 'Toyota', 'Prius', 'low', 0.5, 'P1012', 4),
    ('Valve replacement', 'Toyota', 'Prius', 'high', 1.0, 'P1018', 4),
    ('Wheel alignment', 'Toyota', 'Prius', 'high', 1.0, 'P1002', 2),
    ('Wiper check', 'Toyota', 'Prius', 'low', 0.25, 'P1019', 1),
    ('Air filter change', 'Honda', 'Civic', 'low', 0.25, 'P1020', 1),
    ('Battery replacement', 'Honda', 'Civic', 'low', 0.25, 'P1022', 1),
    ('Brake check', 'Honda', 'Civic', 'low', 0.25, 'P1023', 1),
    ('Brake repair', 'Honda', 'Civic', 'low', 0.5, 'P1024', 4),
    ('Camshaft replacement', 'Honda', 'Civic', 'high', 1.0, 'P1025', 1),
    ('Catalytic convertor replacement', 'Honda', 'Civic', 'high', 1.0, 'P1026', 1),
    ('Coolant recycle', 'Honda', 'Civic', 'low', 0.25, 'P1027', 1),
    ('Drive belt replacement', 'Honda', 'Civic', 'high', 1.0, 'P1028', 1),
    ('Engine oil change', 'Honda', 'Civic', 'low', 0.25, 'P1029', 1),
    ('Gearbox repair', 'Honda', 'Civic', 'high', 1.0, 'P1030', 12),
    ('Headlights replacement', 'Honda', 'Civic', 'low', 0.5, 'P1031', 2),
    ('Oil filter change', 'Honda', 'Civic', 'low', 0.25, 'P1032', 1),
    ('Piston replacement', 'Honda', 'Civic', 'high', 1.0, 'P1033', 4),
    ('Power steering check', 'Honda', 'Civic', 'low', 0.25, 'P1034', 1),
    ('Spark plugs replacement', 'Honda', 'Civic', 'low', 0.25, 'P1035', 4),
    ('Suspension check', 'Honda', 'Civic', 'low', 0.25, 'P1036', 1),
    ('Tail lights replacement', 'Honda', 'Civic', 'low', 0.5, 'P1031', 2),
    ('Turn lights replacement', 'Honda', 'Civic', 'low', 0.5, 'P1031', 4),
    ('Valve replacement', 'Honda', 'Civic', 'high', 1.0, 'P1037', 4),
    ('Wheel alignment', 'Honda', 'Civic', 'high', 1.0, 'P1021', 2),
    ('Wiper check', 'Honda', 'Civic', 'low', 0.25, 'P1038', 1),
    ('Air filter change', 'Honda', 'Accord', 'low', 0.25, 'P1020', 2),
    ('Battery replacement', 'Honda', 'Accord', 'low', 0.25, 'P1022', 1),
    ('Brake check', 'Honda', 'Accord', 'low', 0.25, 'P1023', 1),
    ('Brake repair', 'Honda', 'Accord', 'low', 0.5, 'P1024', 4),
    ('Camshaft replacement', 'Honda', 'Accord', 'high', 1.0, 'P1025', 1),
    ('Catalytic convertor replacement', 'Honda', 'Accord', 'high', 1.0, 'P1026', 1),
    ('Coolant recycle', 'Honda', 'Accord', 'low', 0.25, 'P1027', 1),
    ('Drive belt replacement', 'Honda', 'Accord', 'high', 1.0, 'P1028', 1),
    ('Engine oil change', 'Honda', 'Accord', 'low', 0.25, 'P1029', 1),
    ('Gearbox repair', 'Honda', 'Accord', 'high', 1.0, 'P1030', 7),
    ('Headlights replacement', 'Honda', 'Accord', 'low', 0.5, 'P1031', 2),
    ('Oil filter change', 'Honda', 'Accord', 'low', 0.25, 'P1032', 1),
    ('Piston replacement', 'Honda', 'Accord', 'high', 1.0, 'P1033', 4),
    ('Power steering check', 'Honda', 'Accord', 'low', 0.25, 'P1034', 1),
    ('Spark plugs replacement', 'Honda', 'Accord', 'low', 0.25, 'P1035', 4),
    ('Suspension check', 'Honda', 'Accord', 'low', 0.25, 'P1036', 1),
    ('Tail lights replacement', 'Honda', 'Accord', 'low', 0.5, 'P1031', 2),
    ('Turn lights replacement', 'Honda', 'Accord', 'low', 0.5, 'P1031', 4),
    ('Valve replacement', 'Honda', 'Accord', 'high', 1.0, 'P1037', 4),
    ('Wheel alignment', 'Honda', 'Accord', 'high', 1.0, 'P1021', 2),
    ('Wiper check', 'Honda', 'Accord', 'low', 0.25, 'P1038', 1),
    ('Air filter change', 'Nissan', 'Altima', 'low', 0.25, 'P1039', 1),
    ('Battery replacement', 'Nissan', 'Altima', 'low', 0.25, 'P1041', 1),
    ('Brake check', 'Nissan', 'Altima', 'low', 0.25, 'P1042', 1),
    ('Brake repair', 'Nissan', 'Altima', 'low', 0.5, 'P1043', 4),
    ('Camshaft replacement', 'Nissan', 'Altima', 'high', 1.0, 'P1044', 1),
    ('Catalytic convertor replacement', 'Nissan', 'Altima', 'high', 1.0, 'P1045', 1),
    ('Coolant recycle', 'Nissan', 'Altima', 'low', 0.25, 'P1046', 2),
    ('Drive belt replacement', 'Nissan', 'Altima', 'high', 1.0, 'P1047', 1),
    ('Engine oil change', 'Nissan', 'Altima', 'low', 0.25, 'P1048', 2),
    ('Gearbox repair', 'Nissan', 'Altima', 'high', 1.0, 'P1049', 7),
    ('Headlights replacement', 'Nissan', 'Altima', 'low', 0.5, 'P1050', 2),
    ('Oil filter change', 'Nissan', 'Altima', 'low', 0.25, 'P1051', 1),
    ('Piston replacement', 'Nissan', 'Altima', 'high', 1.0, 'P1052', 6),
    ('Power steering check', 'Nissan', 'Altima', 'low', 0.25, 'P1053', 1),
    ('Spark plugs replacement', 'Nissan', 'Altima', 'low', 0.25, 'P1054', 6),
    ('Suspension check', 'Nissan', 'Altima', 'low', 0.25, 'P1055', 1),
    ('Tail lights replacement', 'Nissan', 'Altima', 'low', 0.5, 'P1050', 2),
    ('Turn lights replacement', 'Nissan', 'Altima', 'low', 0.5, 'P1050', 4),
    ('Valve replacement', 'Nissan', 'Altima', 'high', 1.0, 'P1056', 6),
    ('Wheel alignment', 'Nissan', 'Altima', 'high', 1.0, 'P1040', 2),
    ('Wiper check', 'Nissan', 'Altima', 'low', 0.25, 'P1057', 1),
    ('Air filter change', 'Nissan', 'Rogue', 'low', 0.25, 'P1039', 3),
    ('Battery replacement', 'Nissan', 'Rogue', 'low', 0.25, 'P1041', 2),
    ('Brake check', 'Nissan', 'Rogue', 'low', 0.25, 'P1042', 2),
    ('Brake repair', 'Nissan', 'Rogue', 'low', 0.5, 'P1043', 4),
    ('Camshaft replacement', 'Nissan', 'Rogue', 'high', 1.0, 'P1044', 2),
    ('Catalytic convertor replacement', 'Nissan', 'Rogue', 'high', 1.0, 'P1045', 1),
    ('Coolant recycle', 'Nissan', 'Rogue', 'low', 0.25, 'P1046', 2),
    ('Drive belt replacement', 'Nissan', 'Rogue', 'high', 1.0, 'P1047', 1),
    ('Engine oil change', 'Nissan', 'Rogue', 'low', 0.25, 'P1048', 3),
    ('Gearbox repair', 'Nissan', 'Rogue', 'high', 1.0, 'P1049', 9),
    ('Headlights replacement', 'Nissan', 'Rogue', 'low', 0.5, 'P1050', 2),
    ('Oil filter change', 'Nissan', 'Rogue', 'low', 0.25, 'P1051', 2),
    ('Piston replacement', 'Nissan', 'Rogue', 'high', 1.0, 'P1052', 8),
    ('Power steering check', 'Nissan', 'Rogue', 'low', 0.25, 'P1053', 1),
    ('Spark plugs replacement', 'Nissan', 'Rogue', 'low', 0.25, 'P1054', 8),
    ('Suspension check', 'Nissan', 'Rogue', 'low', 0.25, 'P1055', 1),
    ('Tail lights replacement', 'Nissan', 'Rogue', 'low', 0.5, 'P1050', 2),
    ('Turn lights replacement', 'Nissan', 'Rogue', 'low', 0.5, 'P1050', 4),
    ('Valve replacement', 'Nissan', 'Rogue', 'high', 1.0, 'P1056', 8),
    ('Wheel alignment', 'Nissan', 'Rogue', 'high', 1.0, 'P1040', 2),
    ('Wiper check', 'Nissan', 'Rogue', 'low', 0.25, 'P1057', 1);

INSERT INTO base_maintenance_services (maker, model, type, millage_threshold) VALUES
    ('Toyota', 'Corolla', 'A', 5000),
    ('Toyota', 'Corolla', 'B', 25000),
    ('Toyota', 'Corolla', 'C', 45000),
    ('Toyota', 'Prius', 'A', 10000),
    ('Toyota', 'Prius', 'B', 28000),
    ('Toyota', 'Prius', 'C', 58000),
    ('Nissan', 'Altima', 'A', 10000),
    ('Nissan', 'Altima', 'B', 25000),
    ('Nissan', 'Altima', 'C', 50000),
    ('Nissan', 'Rogue', 'A', 10000),
    ('Nissan', 'Rogue', 'B', 37000),
    ('Nissan', 'Rogue', 'C', 70000),
    ('Honda', 'Accord', 'A', 15000),
    ('Honda', 'Accord', 'B', 37000),
    ('Honda', 'Accord', 'C', 67000),
    ('Honda', 'Civic', 'A', 14000),
    ('Honda', 'Civic', 'B', 29000),
    ('Honda', 'Civic', 'C', 44000);

INSERT INTO maintenance_services (maker, model, type, basic_service) VALUES
    ('Toyota', 'Corolla', 'A', 'Engine oil change'),
    ('Toyota', 'Corolla', 'A', 'Coolant recycle'),
    ('Toyota', 'Corolla', 'B', 'Engine oil change'),
    ('Toyota', 'Corolla', 'B', 'Coolant recycle'),
    ('Toyota', 'Corolla', 'B', 'Air filter change'),
    ('Toyota', 'Corolla', 'B', 'Oil filter change'),
    ('Toyota', 'Corolla', 'B', 'Brake check'),
    ('Toyota', 'Corolla', 'B', 'Wiper check'),
    ('Toyota', 'Corolla', 'B', 'Spark plugs replacement'),
    ('Toyota', 'Corolla', 'C', 'Engine oil change'),
    ('Toyota', 'Corolla', 'C', 'Coolant recycle'),
    ('Toyota', 'Corolla', 'C', 'Air filter change'),
    ('Toyota', 'Corolla', 'C', 'Oil filter change'),
    ('Toyota', 'Corolla', 'C', 'Brake check'),
    ('Toyota', 'Corolla', 'C', 'Wiper check'),
    ('Toyota', 'Corolla', 'C', 'Spark plugs replacement'),
    ('Toyota', 'Corolla', 'C', 'Suspension check'),
    ('Toyota', 'Corolla', 'C', 'Brake repair'),
    ('Toyota', 'Corolla', 'C', 'Power steering check'),
    ('Toyota', 'Prius', 'A', 'Engine oil change'),
    ('Toyota', 'Prius', 'A', 'Oil filter change'),
    ('Toyota', 'Prius', 'A', 'Coolant recycle'),
    ('Toyota', 'Prius', 'B', 'Engine oil change'),
    ('Toyota', 'Prius', 'B', 'Oil filter change'),
    ('Toyota', 'Prius', 'B', 'Coolant recycle'),
    ('Toyota', 'Prius', 'B', 'Air filter change'),
    ('Toyota', 'Prius', 'B', 'Brake check'),
    ('Toyota', 'Prius', 'B', 'Wiper check'),
    ('Toyota', 'Prius', 'B', 'Spark plugs replacement'),
    ('Toyota', 'Prius', 'B', 'Battery replacement'),
    ('Toyota', 'Prius', 'C', 'Engine oil change'),
    ('Toyota', 'Prius', 'C', 'Oil filter change'),
    ('Toyota', 'Prius', 'C', 'Coolant recycle'),
    ('Toyota', 'Prius', 'C', 'Air filter change'),
    ('Toyota', 'Prius', 'C', 'Brake check'),
    ('Toyota', 'Prius', 'C', 'Wiper check'),
    ('Toyota', 'Prius', 'C', 'Spark plugs replacement'),
    ('Toyota', 'Prius', 'C', 'Battery replacement'), 
    ('Toyota', 'Prius', 'C', 'Suspension check'),
    ('Toyota', 'Prius', 'C', 'Brake repair'),
    ('Toyota', 'Prius', 'C', 'Power steering check'),
    ('Nissan', 'Altima', 'A', 'Engine oil change'),
    ('Nissan', 'Altima', 'A', 'Air filter change'),
    ('Nissan', 'Altima', 'A', 'Oil filter change'),
    ('Nissan', 'Altima', 'A', 'Coolant recycle'),
    ('Nissan', 'Altima', 'B', 'Engine oil change'),
    ('Nissan', 'Altima', 'B', 'Air filter change'),
    ('Nissan', 'Altima', 'B', 'Oil filter change'),
    ('Nissan', 'Altima', 'B', 'Coolant recycle'),
    ('Nissan', 'Altima', 'B', 'Brake check'),
    ('Nissan', 'Altima', 'B', 'Wiper check'),
    ('Nissan', 'Altima', 'C', 'Engine oil change'),
    ('Nissan', 'Altima', 'C', 'Air filter change'),
    ('Nissan', 'Altima', 'C', 'Oil filter change'),
    ('Nissan', 'Altima', 'C', 'Coolant recycle'),
    ('Nissan', 'Altima', 'C', 'Brake check'),
    ('Nissan', 'Altima', 'C', 'Wiper check'),
    ('Nissan', 'Altima', 'C', 'Suspension check'),
    ('Nissan', 'Altima', 'C', 'Brake repair'),
    ('Nissan', 'Altima', 'C', 'Power steering check'),
    ('Nissan', 'Altima', 'C', 'Spark plugs replacement'),
    ('Nissan', 'Rogue', 'A', 'Engine oil change'),
    ('Nissan', 'Rogue', 'A', 'Air filter change'),
    ('Nissan', 'Rogue', 'A', 'Power steering check'),
    ('Nissan', 'Rogue', 'A', 'Oil filter change'),
    ('Nissan', 'Rogue', 'A', 'Brake check'),
    ('Nissan', 'Rogue', 'A', 'Coolant recycle'),
    ('Nissan', 'Rogue', 'B', 'Engine oil change'),
    ('Nissan', 'Rogue', 'B', 'Air filter change'),
    ('Nissan', 'Rogue', 'B', 'Power steering check'),
    ('Nissan', 'Rogue', 'B', 'Oil filter change'),
    ('Nissan', 'Rogue', 'B', 'Brake check'),
    ('Nissan', 'Rogue', 'B', 'Coolant recycle'),
    ('Nissan', 'Rogue', 'B', 'Suspension check'),
    ('Nissan', 'Rogue', 'B', 'Wiper check'),
    ('Nissan', 'Rogue', 'B', 'Spark plugs replacement'),
    ('Nissan', 'Rogue', 'C', 'Engine oil change'),
    ('Nissan', 'Rogue', 'C', 'Air filter change'),
    ('Nissan', 'Rogue', 'C', 'Power steering check'),
    ('Nissan', 'Rogue', 'C', 'Oil filter change'),
    ('Nissan', 'Rogue', 'C', 'Brake check'),
    ('Nissan', 'Rogue', 'C', 'Coolant recycle'),
    ('Nissan', 'Rogue', 'C', 'Suspension check'),
    ('Nissan', 'Rogue', 'C', 'Wiper check'),
    ('Nissan', 'Rogue', 'C', 'Spark plugs replacement'),
    ('Nissan', 'Rogue', 'C', 'Brake repair'),
    ('Nissan', 'Rogue', 'C', 'Battery replacement'),
    ('Honda', 'Accord', 'A', 'Engine oil change'),
    ('Honda', 'Accord', 'A', 'Air filter change'),
    ('Honda', 'Accord', 'A', 'Oil filter change'),
    ('Honda', 'Accord', 'A', 'Coolant recycle'),
    ('Honda', 'Accord', 'B', 'Engine oil change'),
    ('Honda', 'Accord', 'B', 'Air filter change'),
    ('Honda', 'Accord', 'B', 'Oil filter change'),
    ('Honda', 'Accord', 'B', 'Coolant recycle'),
    ('Honda', 'Accord', 'B', 'Brake check'),
    ('Honda', 'Accord', 'B', 'Wiper check'),
    ('Honda', 'Accord', 'B', 'Spark plugs replacement'),
    ('Honda', 'Accord', 'C', 'Engine oil change'),
    ('Honda', 'Accord', 'C', 'Air filter change'),
    ('Honda', 'Accord', 'C', 'Oil filter change'),
    ('Honda', 'Accord', 'C', 'Coolant recycle'),
    ('Honda', 'Accord', 'C', 'Brake check'),
    ('Honda', 'Accord', 'C', 'Wiper check'),
    ('Honda', 'Accord', 'C', 'Spark plugs replacement'),
    ('Honda', 'Accord', 'C', 'Suspension check'),
    ('Honda', 'Accord', 'C', 'Brake repair'),
    ('Honda', 'Accord', 'C', 'Power steering check'),
    ('Honda', 'Civic', 'A', 'Engine oil change'),
    ('Honda', 'Civic', 'A', 'Brake check'),
    ('Honda', 'Civic', 'A', 'Coolant recycle'),
    ('Honda', 'Civic', 'B', 'Engine oil change'),
    ('Honda', 'Civic', 'B', 'Brake check'),
    ('Honda', 'Civic', 'B', 'Coolant recycle'),
    ('Honda', 'Civic', 'B', 'Air filter change'),
    ('Honda', 'Civic', 'B', 'Oil filter change'),
    ('Honda', 'Civic', 'B', 'Brake repair'),
    ('Honda', 'Civic', 'B', 'Wiper check'),
    ('Honda', 'Civic', 'B', 'Spark plugs replacement'),
    ('Honda', 'Civic', 'C', 'Engine oil change'),
    ('Honda', 'Civic', 'C', 'Brake check'),
    ('Honda', 'Civic', 'C', 'Coolant recycle'),
    ('Honda', 'Civic', 'C', 'Air filter change'),
    ('Honda', 'Civic', 'C', 'Oil filter change'),
    ('Honda', 'Civic', 'C', 'Brake repair'),
    ('Honda', 'Civic', 'C', 'Wiper check'),
    ('Honda', 'Civic', 'C', 'Spark plugs replacement'),
    ('Honda', 'Civic', 'C', 'Suspension check'),
    ('Honda', 'Civic', 'C', 'Power steering check');

INSERT INTO base_repair_services (diagnostic, cause, diagnostic_fee) VALUES
    ('Timing issue', 'Engine knock', 75),
    ('Wheel alignment issue', 'Car drifts in a particular direction', 50),
    ('Battery needs replacement', 'Battery does not hold charge', 25),
    ('Bad catalytic convertor and filters', 'Black/unclean exhaust', 75),
    ('Drive belt damaged, coolant not enough, weak battery', 'A/C-Heater not working', 50),
    ('Light assembly damaged', 'Headlamps/Tail lamps not working', 30),
    ('Gearbox and Torque convertor issue', 'Check engine light', 100);

INSERT INTO repair_services (diagnostic, basic_service) VALUES
    ('Timing issue', 'Drive belt replacement'),
    ('Timing issue', 'Spark plugs replacement'),
    ('Timing issue', 'Camshaft replacement'),
    ('Timing issue', 'Valve replacement'),
    ('Wheel alignment issue', 'Wheel alignment'),
    ('Battery needs replacement', 'Battery replacement'),
    ('Bad catalytic convertor and filters', 'Air filter change'),
    ('Bad catalytic convertor and filters', 'Oil filter change'),
    ('Bad catalytic convertor and filters', 'Catalytic convertor replacement'),
    ('Drive belt damaged, coolant not enough, weak battery', 'Drive belt replacement'),
    ('Drive belt damaged, coolant not enough, weak battery', 'Coolant recycle'),
    ('Drive belt damaged, coolant not enough, weak battery', 'Battery replacement'),
    ('Light assembly damaged', 'Headlights replacement'),
    ('Light assembly damaged', 'Tail lights replacement'),
    ('Light assembly damaged', 'Turn lights replacement'),
    ('Gearbox and Torque convertor issue', 'Piston replacement'),
    ('Gearbox and Torque convertor issue', 'Gearbox repair'),
    ('Gearbox and Torque convertor issue', 'Camshaft replacement'),
    ('Gearbox and Torque convertor issue', 'Valve replacement');

INSERT INTO distributor_inventory (maker, part_id, distributor_id, delivery_window) VALUES
    ('Toyota', 'P1001', 'D0001', NULL),
    ('Toyota', 'P1002', 'D0001', 5),
    ('Toyota', 'P1003', 'D0001', 4),
    ('Toyota', 'P1004', 'D0001', NULL),
    ('Toyota', 'P1005', 'D0001', NULL),
    ('Toyota', 'P1006', 'D0001', 4),
    ('Toyota', 'P1007', 'D0001', NULL),
    ('Toyota', 'P1008', 'D0001', NULL),
    ('Toyota', 'P1009', 'D0001', NULL),
    ('Toyota', 'P1010', 'D0001', 2),
    ('Toyota', 'P1011', 'D0001', 5),
    ('Toyota', 'P1012', 'D0001', 3),
    ('Toyota', 'P1013', 'D0001', 4),
    ('Toyota', 'P1014', 'D0001', 2),
    ('Toyota', 'P1015', 'D0001', 5),
    ('Toyota', 'P1016', 'D0001', NULL),
    ('Toyota', 'P1017', 'D0001', NULL),
    ('Toyota', 'P1018', 'D0001', 3),
    ('Toyota', 'P1019', 'D0001', NULL),
    ('Toyota', 'P1001', 'D0002', 3),
    ('Toyota', 'P1002', 'D0002', NULL),
    ('Toyota', 'P1003', 'D0002', NULL),
    ('Toyota', 'P1004', 'D0002', 4),
    ('Toyota', 'P1005', 'D0002', 5),
    ('Toyota', 'P1006', 'D0002', NULL),
    ('Toyota', 'P1007', 'D0002', 3),
    ('Toyota', 'P1008', 'D0002', 4),
    ('Toyota', 'P1009', 'D0002', 2),
    ('Toyota', 'P1010', 'D0002', NULL),
    ('Toyota', 'P1011', 'D0002', NULL),
    ('Toyota', 'P1012', 'D0002', NULL),
    ('Toyota', 'P1013', 'D0002', NULL),
    ('Toyota', 'P1014', 'D0002', NULL),
    ('Toyota', 'P1015', 'D0002', NULL),
    ('Toyota', 'P1016', 'D0002', 5),
    ('Toyota', 'P1017', 'D0002', 3),
    ('Toyota', 'P1018', 'D0002', NULL),
    ('Toyota', 'P1019', 'D0002', 3),
    ('Honda', 'P1020', 'D0001', NULL),
    ('Honda', 'P1021', 'D0001', 5),
    ('Honda', 'P1022', 'D0001', 4),
    ('Honda', 'P1023', 'D0001', NULL),
    ('Honda', 'P1024', 'D0001', NULL),
    ('Honda', 'P1025', 'D0001', 4),
    ('Honda', 'P1026', 'D0001', NULL),
    ('Honda', 'P1027', 'D0001', NULL),
    ('Honda', 'P1028', 'D0001', NULL),
    ('Honda', 'P1029', 'D0001', 2),
    ('Honda', 'P1030', 'D0001', 5),
    ('Honda', 'P1031', 'D0001', 3),
    ('Honda', 'P1032', 'D0001', 4),
    ('Honda', 'P1033', 'D0001', 2),
    ('Honda', 'P1034', 'D0001', 5),
    ('Honda', 'P1035', 'D0001', NULL),
    ('Honda', 'P1036', 'D0001', NULL),
    ('Honda', 'P1037', 'D0001', 3),
    ('Honda', 'P1038', 'D0001', NULL),
    ('Honda', 'P1020', 'D0002', 3),
    ('Honda', 'P1021', 'D0002', NULL),
    ('Honda', 'P1022', 'D0002', NULL),
    ('Honda', 'P1023', 'D0002', 4),
    ('Honda', 'P1024', 'D0002', 5),
    ('Honda', 'P1025', 'D0002', NULL),
    ('Honda', 'P1026', 'D0002', 3),
    ('Honda', 'P1027', 'D0002', 4),
    ('Honda', 'P1028', 'D0002', 2),
    ('Honda', 'P1029', 'D0002', NULL),
    ('Honda', 'P1030', 'D0002', NULL),
    ('Honda', 'P1031', 'D0002', NULL),
    ('Honda', 'P1032', 'D0002', NULL),
    ('Honda', 'P1033', 'D0002', NULL),
    ('Honda', 'P1034', 'D0002', NULL),
    ('Honda', 'P1035', 'D0002', 5),
    ('Honda', 'P1036', 'D0002', 3),
    ('Honda', 'P1037', 'D0002', NULL),
    ('Honda', 'P1038', 'D0002', 3),
    ('Nissan', 'P1039', 'D0001', NULL),
    ('Nissan', 'P1040', 'D0001', 5),
    ('Nissan', 'P1041', 'D0001', 4),
    ('Nissan', 'P1042', 'D0001', NULL),
    ('Nissan', 'P1043', 'D0001', NULL),
    ('Nissan', 'P1044', 'D0001', 4),
    ('Nissan', 'P1045', 'D0001', NULL),
    ('Nissan', 'P1046', 'D0001', NULL),
    ('Nissan', 'P1047', 'D0001', NULL),
    ('Nissan', 'P1048', 'D0001', 2),
    ('Nissan', 'P1049', 'D0001', 5),
    ('Nissan', 'P1050', 'D0001', 3),
    ('Nissan', 'P1051', 'D0001', 4),
    ('Nissan', 'P1052', 'D0001', 2),
    ('Nissan', 'P1053', 'D0001', 5),
    ('Nissan', 'P1054', 'D0001', NULL),
    ('Nissan', 'P1055', 'D0001', NULL),
    ('Nissan', 'P1056', 'D0001', 3),
    ('Nissan', 'P1057', 'D0001', NULL),
    ('Nissan', 'P1039', 'D0002', 3),
    ('Nissan', 'P1040', 'D0002', NULL),
    ('Nissan', 'P1041', 'D0002', NULL),
    ('Nissan', 'P1042', 'D0002', 4),
    ('Nissan', 'P1043', 'D0002', 5),
    ('Nissan', 'P1044', 'D0002', NULL),
    ('Nissan', 'P1045', 'D0002', 3),
    ('Nissan', 'P1046', 'D0002', 4),
    ('Nissan', 'P1047', 'D0002', 2),
    ('Nissan', 'P1048', 'D0002', NULL),
    ('Nissan', 'P1049', 'D0002', NULL),
    ('Nissan', 'P1050', 'D0002', NULL),
    ('Nissan', 'P1051', 'D0002', NULL),
    ('Nissan', 'P1052', 'D0002', NULL),
    ('Nissan', 'P1053', 'D0002', NULL),
    ('Nissan', 'P1054', 'D0002', 5),
    ('Nissan', 'P1055', 'D0002', 3),
    ('Nissan', 'P1056', 'D0002', NULL),
    ('Nissan', 'P1057', 'D0002', 3);

INSERT INTO service_center_inventory (
                maker,
                part_id,
                service_center_id,
                delivery_window,
                current_quantity,
                minimum_inventory_threshold,
                minimum_order_quantity
            ) VALUES
    ('Toyota', 'P1001', 'S0001', 1, 13, 2, 5),
    ('Toyota', 'P1002', 'S0001', 1, 18, 5, 7),
    ('Toyota', 'P1003', 'S0001', 1, 10, 2, 5),
    ('Toyota', 'P1004', 'S0001', 1, 4, 4, 6),
    ('Toyota', 'P1005', 'S0001', 1, 18, 4, 3),
    ('Toyota', 'P1006', 'S0001', 1, 12, 2, 5),
    ('Toyota', 'P1007', 'S0001', 1, 11, 1, 5),
    ('Toyota', 'P1008', 'S0001', 1, 13, 2, 4),
    ('Toyota', 'P1009', 'S0001', 1, 15, 3, 5),
    ('Toyota', 'P1010', 'S0001', 1, 5, 5, 5),
    ('Toyota', 'P1011', 'S0001', 1, 8, 3, 5),
    ('Toyota', 'P1012', 'S0001', 1, 2, 1, 8),
    ('Toyota', 'P1013', 'S0001', 1, 1, 1, 4),
    ('Toyota', 'P1014', 'S0001', 1, 15, 4, 2),
    ('Toyota', 'P1015', 'S0001', 1, 2, 1, 5),
    ('Toyota', 'P1016', 'S0001', 1, 15, 4, 5),
    ('Toyota', 'P1017', 'S0001', 1, 3, 1, 5),
    ('Toyota', 'P1018', 'S0001', 1, 12, 7, 5),
    ('Toyota', 'P1019', 'S0001', 1, 12, 5, 5),
    ('Toyota', 'P1001', 'S0002', 1, 26, 5, 6),
    ('Toyota', 'P1002', 'S0002', 1, 27, 6, 10),
    ('Toyota', 'P1003', 'S0002', 1, 24, 2, 3),
    ('Toyota', 'P1004', 'S0002', 1, 25, 3, 3),
    ('Toyota', 'P1005', 'S0002', 1, 20, 3, 5),
    ('Toyota', 'P1006', 'S0002', 1, 22, 2, 6),
    ('Toyota', 'P1007', 'S0002', 1, 29, 4, 5),
    ('Toyota', 'P1008', 'S0002', 1, 21, 2, 4),
    ('Toyota', 'P1009', 'S0002', 1, 20, 3, 4),
    ('Toyota', 'P1010', 'S0002', 1, 26, 20, 5),
    ('Toyota', 'P1011', 'S0002', 1, 20, 7, 5),
    ('Toyota', 'P1012', 'S0002', 1, 28, 6, 3),
    ('Toyota', 'P1013', 'S0002', 1, 21, 4, 5),
    ('Toyota', 'P1014', 'S0002', 1, 21, 3, 5),
    ('Toyota', 'P1015', 'S0002', 1, 27, 6, 4),
    ('Toyota', 'P1016', 'S0002', 1, 20, 2, 4),
    ('Toyota', 'P1017', 'S0002', 1, 25, 6, 6),
    ('Toyota', 'P1018', 'S0002', 1, 11, 3, 6),
    ('Toyota', 'P1019', 'S0002', 1, 16, 13, 5),
    ('Honda', 'P1020', 'S0001', 1, 43, 20, 5),
    ('Honda', 'P1021', 'S0001', 1, 8, 5, 7),
    ('Honda', 'P1022', 'S0001', 1, 20, 20, 5),
    ('Honda', 'P1023', 'S0001', 1, 14, 4, 6),
    ('Honda', 'P1024', 'S0001', 1, 8, 4, 3),
    ('Honda', 'P1025', 'S0001', 1, 22, 20, 5),
    ('Honda', 'P1026', 'S0001', 1, 31, 10, 5),
    ('Honda', 'P1027', 'S0001', 1, 23, 23, 4),
    ('Honda', 'P1028', 'S0001', 1, 35, 30, 5),
    ('Honda', 'P1029', 'S0001', 1, 15, 5, 5),
    ('Honda', 'P1030', 'S0001', 1, 18, 3, 5),
    ('Honda', 'P1031', 'S0001', 1, 12, 10, 8),
    ('Honda', 'P1032', 'S0001', 1, 11, 4, 4),
    ('Honda', 'P1033', 'S0001', 1, 55, 48, 2),
    ('Honda', 'P1034', 'S0001', 1, 12, 7, 5),
    ('Honda', 'P1035', 'S0001', 1, 45, 42, 5),
    ('Honda', 'P1036', 'S0001', 1, 13, 11, 5),
    ('Honda', 'P1037', 'S0001', 1, 12, 7, 5),
    ('Honda', 'P1038', 'S0001', 1, 12, 5, 5),
    ('Honda', 'P1020', 'S0002', 1, 46, 35, 6),
    ('Honda', 'P1021', 'S0002', 1, 7, 6, 10),
    ('Honda', 'P1022', 'S0002', 1, 64, 52, 3),
    ('Honda', 'P1023', 'S0002', 1, 15, 3, 3),
    ('Honda', 'P1024', 'S0002', 1, 20, 3, 5),
    ('Honda', 'P1025', 'S0002', 1, 42, 42, 6),
    ('Honda', 'P1026', 'S0002', 1, 29, 24, 5),
    ('Honda', 'P1027', 'S0002', 1, 21, 12, 4),
    ('Honda', 'P1028', 'S0002', 1, 30, 23, 4),
    ('Honda', 'P1029', 'S0002', 1, 26, 10, 5),
    ('Honda', 'P1030', 'S0002', 1, 70, 7, 5),
    ('Honda', 'P1031', 'S0002', 1, 8, 6, 3),
    ('Honda', 'P1032', 'S0002', 1, 31, 24, 5),
    ('Honda', 'P1033', 'S0002', 1, 81, 73, 5),
    ('Honda', 'P1034', 'S0002', 1, 17, 6, 4),
    ('Honda', 'P1035', 'S0002', 1, 50, 32, 4),
    ('Honda', 'P1036', 'S0002', 1, 15, 6, 6),
    ('Honda', 'P1037', 'S0002', 1, 11, 3, 6),
    ('Honda', 'P1038', 'S0002', 1, 16, 13, 5),
    ('Nissan', 'P1039', 'S0001', 1, 33, 20, 5),
    ('Nissan', 'P1040', 'S0001', 1, 38, 5, 7),
    ('Nissan', 'P1041', 'S0001', 1, 30, 20, 5),
    ('Nissan', 'P1042', 'S0001', 1, 34, 4, 6),
    ('Nissan', 'P1043', 'S0001', 1, 38, 4, 3),
    ('Nissan', 'P1044', 'S0001', 1, 32, 20, 5),
    ('Nissan', 'P1045', 'S0001', 1, 31, 10, 5),
    ('Nissan', 'P1046', 'S0001', 1, 33, 23, 4),
    ('Nissan', 'P1047', 'S0001', 1, 35, 30, 5),
    ('Nissan', 'P1048', 'S0001', 1, 35, 5, 5),
    ('Nissan', 'P1049', 'S0001', 1, 38, 3, 5),
    ('Nissan', 'P1050', 'S0001', 1, 32, 10, 8),
    ('Nissan', 'P1051', 'S0001', 1, 31, 4, 4),
    ('Nissan', 'P1052', 'S0001', 1, 35, 18, 2),
    ('Nissan', 'P1053', 'S0001', 1, 32, 7, 5),
    ('Nissan', 'P1054', 'S0001', 1, 35, 12, 5),
    ('Nissan', 'P1055', 'S0001', 1, 33, 11, 5),
    ('Nissan', 'P1056', 'S0001', 1, 32, 7, 5),
    ('Nissan', 'P1057', 'S0001', 1, 12, 5, 5),
    ('Nissan', 'P1039', 'S0002', 1, 16, 5, 6),
    ('Nissan', 'P1040', 'S0002', 1, 17, 6, 10),
    ('Nissan', 'P1041', 'S0002', 1, 14, 5, 3),
    ('Nissan', 'P1042', 'S0002', 1, 15, 3, 3),
    ('Nissan', 'P1043', 'S0002', 1, 10, 3, 5),
    ('Nissan', 'P1044', 'S0002', 1, 12, 4, 6),
    ('Nissan', 'P1045', 'S0002', 1, 19, 4, 5),
    ('Nissan', 'P1046', 'S0002', 1, 11, 2, 4),
    ('Nissan', 'P1047', 'S0002', 1, 10, 3, 4),
    ('Nissan', 'P1048', 'S0002', 1, 16, 10, 5),
    ('Nissan', 'P1049', 'S0002', 1, 10, 7, 5),
    ('Nissan', 'P1050', 'S0002', 1, 18, 6, 3),
    ('Nissan', 'P1051', 'S0002', 1, 11, 4, 5),
    ('Nissan', 'P1052', 'S0002', 1, 11, 7, 5),
    ('Nissan', 'P1053', 'S0002', 1, 17, 6, 4),
    ('Nissan', 'P1054', 'S0002', 1, 10, 2, 4),
    ('Nissan', 'P1055', 'S0002', 1, 15, 6, 6),
    ('Nissan', 'P1056', 'S0002', 1, 11, 3, 6),
    ('Nissan', 'P1057', 'S0002', 1, 16, 13, 5);

INSERT INTO service_history (
                id,
                license_plate_number,
                service_type,
                service_date,
                customer_id,
                service_center_id,
                starting_time,
                mechanic_name
            ) VALUES
    ('H0016', 'XYZ-5643', 'C', '10-Sep-2018', '1001', 'S0001', '10:00 AM', 'Jacob Gloss'),
    ('H0015', 'XYZ-5643', 'B', '25-Feb-2018', '1001', 'S0001', '09:00 AM', 'Eric Fowler'),
    ('H0014', 'XYZ-5643', 'A', '15-Oct-2017', '1001', 'S0001', '08:00 AM', 'Anthony Freeman'),
    ('H0013', 'AHS-3132', 'Battery needs replacement', '06-Aug-2018', '1001', 'S0001', '08:00 AM', 'Roland Richmond'),
    ('H0012', 'AHS-3132', 'B', '15-May-2018', '1001', 'S0001', '10:30 AM', 'Peter Fitzpatrick'),
    ('H0011', 'AHS-3132', 'A', '28-Jan-2018', '1001', 'S0001', '12:00 PM', 'Peter Fitzpatrick'),
    ('H0010', 'IRM-1212', 'A', '11-Feb-2018', '1002', 'S0001', '08:30 AM', 'Eric Fowler'),
    ('H0009', 'IRM-1212', 'C', '10-Dec-2017', '1002', 'S0001', '09:30 AM', 'Eric Fowler'),
    ('H0008', 'IRM-1212', 'B', '20-Jan-2017', '1002', 'S0001', '10:00 AM', 'Eric Fowler'),
    ('H0007', 'DEL-8888', 'A', '11-Feb-2018', '1003', 'S0002', '08:30 AM', 'Rickie Henderson'),
    ('H0006', 'DEL-8888', 'Light assembly damaged', '05-Nov-2016', '1003', 'S0002', '09:00 AM', 'Charles Pudilo'),
    ('H0005', 'P11-212A', 'B', '01-Sep-2017', '1004', 'S0002', '09:00 AM', 'Dustin Esparza'),
    ('H0004', 'P11-212A', 'A', '15-Jun-2014', '1004', 'S0002', '08:30 AM', 'James Rivera'),
    ('H0003', 'WIM-BLE5', 'A', '11-Nov-2016', '1004', 'S0002', '08:30 AM', 'James Rivera'),
    (
     'H0002', 
     'WIM-BLE5',
     'Drive belt damaged, coolant not enough, weak battery',
     '02-Jan-2016',
     '1004',
     'S0002',
     '02:00 PM',
     'Charles Pudilo'
    ),
    ('H0001', 'WIM-BLE5', 'Timing issue', '30-Sep-2015', '1004', 'S0002', '11:00 AM', 'Charles Pudilo');

INSERT INTO warranty_history (license_plate_number, part_id, service_date, expiration_date) VALUES
    ('XYZ-5643', 'P1024', '10-Sep-2018', '10-Dec-2018'),
    ('XYZ-5643', 'P1035', '10-Sep-2018', '10-Nov-2018'),
    ('XYZ-5643', 'P1024', '25-Feb-2018', '25-May-2018'),
    ('XYZ-5643', 'P1035', '25-Feb-2018', '25-Apr-2018'),
    ('AHS-3132', 'P1003', '06-Aug-2018', '06-Feb-2019'),
    ('AHS-3132', 'P1016', '15-May-2018', '15-Jul-2018'),
    ('AHS-3132', 'P1003', '15-May-2018', '15-Nov-2018'),
    ('IRM-1212', 'P1043', '10-Dec-2017', '10-Jan-2018'),
    ('IRM-1212', 'P1054', '10-Dec-2017', '10-Jan-2018'),
    ('DEL-8888', 'P1050', '05-Nov-2016', '05-Jan-2017'),
    ('P11-212A', 'P1035', '01-Sep-2017', '01-Nov-2017'),
    ('WIM-BLE5', 'P1009', '02-Jan-2016', '02-Feb-2016'),
    ('WIM-BLE5', 'P1003', '02-Jan-2016', '02-Jul-2016'),
    ('WIM-BLE5', 'P1009', '30-Sep-2015', '30-Oct-2015'),
    ('WIM-BLE5', 'P1016', '30-Sep-2015', '30-Nov-2015'),
    ('WIM-BLE5', 'P1006', '30-Sep-2015', '30-Dec-2015'),
    ('WIM-BLE5', 'P1018', '30-Sep-2015', '30-Oct-2015');

INSERT INTO order_status (name) VALUES
    ('Complete'),
    ('Pending'),
    ('Delayed');

INSERT INTO orders (
                id,
                order_placement_date,
                expeted_delivery_date,
                actual_delivery_date,
                maker,
                part,
                quantity,
                source_id,
                destination_id,
                order_status
            ) VALUES
    ('O0001', '09-Jun-2014', '13-Jun-2014', '18-Jun-2014', 'Toyota', 'Battery', 5, 'D0001', 'S0001', 'Complete'),
    ('O0002', '16-Sep-2015', '21-Sep-2015', '21-Sep-2015', 'Honda', 'Wiper Fluid', 5, 'D0002', 'S0001', 'Complete'),
    ('O0003', '10-Feb-2016', '11-Feb-2016', '11-Feb-2016', 'Honda', 'Gears', 5, 'S0001', 'S0002', 'Complete'),
    ('O0004', '09-Aug-2017', '10-Aug-2017', '11-Aug-2017', 'Nissan', 'Coolant', 4, 'S0002', 'S0001', 'Complete'),
    ('O0005', '04-Oct-2018', '05-Oct-2018', '05-Oct-2018', 'Toyota', 'Air Filter', 6, 'S0001', 'S0002', 'Complete'),
    ('O0006', '26-Oct-2018', '01-Nov-2018', '05-Nov-2018', 'Nissan', 'Camshaft', 5, 'D0001', 'S0001', 'Complete'),
    ('O0007', '09-Nov-2018', '14-Nov-2018', NULL, 'Honda', 'Wiper Fluid', 7, 'D0002', 'S0002', 'Pending'),
    ('O0008', '07-Nov-2018', '14-Nov-2018', NULL, 'Honda', 'Axel Rod', 12, 'D0001', 'S0002', 'Pending'),
    ('O0009', '08-Nov-2018', '14-Nov-2018', NULL, 'Honda', 'Camshaft', 6, 'D0001', 'S0002', 'Pending'),
    ('O0010', '08-Nov-2018', '14-Nov-2018', NULL, 'Honda', 'Oil Filter', 5, 'D0001', 'S0002', 'Pending'),
    ('O0011', '08-Nov-2018', '14-Nov-2018', NULL, 'Honda', 'Brake Fluid', 5, 'D0002', 'S0002', 'Pending');

INSERT INTO notifications (id, starting_date, service_center_id, order_message) VALUES
    ('N0003', '05-Nov-2018', 'S0001', '5 Camshafts from D0001 delayed by 2 business days'),
    ('N0002', '11-Aug-2017', 'S0002', '4 Coolants from D0002 delayed by 1 business day'),
    ('N0001', '18-Jun-2014', 'S0001', '5 Batteries from D0001 delayed by 3 business days');
